序号,链接,节点数
0,https://PhnZDW.mcsslk.xyz/1bd0217ce4342d2f884d094f5c828aba,0
1,https://gist.githubusercontent.com/peasoft/40b87245630092f30cc98af61190b4e2/raw/,10
2,https://hkhAOx.absslk.xyz/2f0d71087f6085dad6b854a9d94f9035,0
3,https://raw.githubusercontent.com/Alvin9999/pac2/master/clash.meta2/1/config.yaml,1
4,https://raw.githubusercontent.com/Alvin9999/pac2/master/clash.meta2/13/config.yaml,1
5,https://raw.githubusercontent.com/Alvin9999/pac2/master/clash.meta2/15/config.yaml,1
6,https://raw.githubusercontent.com/Alvin9999/pac2/master/clash.meta2/2/config.yaml,1
7,https://raw.githubusercontent.com/Alvin9999/pac2/master/clash.meta2/config.yaml,1
8,https://raw.githubusercontent.com/Huibq/TrojanLinks/master/links/vmess,43
9,https://raw.githubusercontent.com/Misaka-blog/chromego_merge/refs/heads/main/sub/merged_proxies_new.yaml,16
10,https://raw.githubusercontent.com/Surfboardv2ray/TGParse/main/python/hy2,0
11,https://raw.githubusercontent.com/Surfboardv2ray/TGParse/main/python/hysteria2,73
12,https://raw.githubusercontent.com/aiboboxx/v2rayfree/main/v2,95
13,https://raw.githubusercontent.com/freefq/free/master/v2,15
14,https://raw.githubusercontent.com/ripaojiedian/freenode/main/clash,14
15,https://raw.githubusercontent.com/ripaojiedian/freenode/main/sub,16
16,https://raw.githubusercontent.com/zhangkaiitugithub/passcro/main/speednodes.yaml,33

总计,,219
